Plataforma,ID,Título,Nome da solução,link,comentários,Tempo médio de leitura,Recomendações de uso,tipo de artigo
MEDIUM,1,Accessibility Platforms: The Top 10 Qualities to Look For,não especifica,https://medium.com/@adabook/accessibility-platforms-the-top-10-qualities-to-look-for-313aa0c2d498?source=tag_archive------accessibility_tools---0-----------------------------------,"- O artigo não indica nenhuma plataforma específica, ele é mais um guia pra saber o que avaliar numa plataforma. - O ponto mais importante do texto é a diferença entre auditoria manual e scan automático.",4 min,"Plataformas baseadas em auditoria rastreiam todos os problemas de acessibilidade identificados por meio de avaliação manual, incluindo testes com leitores de tela, testes de teclado e inspeção de código. As plataformas baseadas em varredura rastreiam apenas o que as ferramentas automatizadas conseguem detectar. As varreduras identificam com precisão cerca de 13% dos problemas de acessibilidade previstos nas WCAG e detectam parcialmente outros 45%. Isso significa que as plataformas baseadas em varredura deixam passar de 40% a 85% dos problemas de acessibilidade que impedem a conformidade.","instrucional, informativo"
MEDIUM,2,Best Rated Accessibility Tools in Chrome Web Store,"IBM Equal Access Accessibility Checker,  DigitalA11Y Tublets, HalfAccessible — Accessibility Toolkit, A11y Quick Check, Accessibility Tracker, Accessibility Insights Microsoft, Accessibility Insights for Web",https://medium.com/@adabook/best-rated-accessibility-tools-in-chrome-web-store-61b2768e17c5?source=tag_archive------accessibility_tools---2-----------------------------------,- todas as ferramentas são extensões do Chrome. ,3 min,"As seguintes ferramentas de acessilidade web com classificação de 5 estrelas podem ajudar auditores, desenvolvedores e designers","informativo, crítico, descritivo"
MEDIUM,3,Mr. Market’s Guide to Buying Web Accessibility Software and Tools,não especifica,https://medium.com/@adabook/mr-markets-guide-to-buying-web-accessibility-software-and-tools-3ac66375032d?source=tag_archive------accessibility_tools---3-----------------------------------,"- o artigo não apresenta nenhuma ferramenta nova. -ele serve mais como um alerta pra não cair em furada na hora de comprar software de acessibilidade. -  o ponto principal é que a maioria das ferramentas do mercado é baseada em scan automático, que detecta no máximo 13% dos problemas reais de acessibilidade, então confiar só nelas dá uma falsa sensação de conformidade. - ele reforça bastante aquela diferença entre scan e auditoria manual que já apareceu nos artigos anteriores ",6 min,"A maioria dos compradores no mercado de software de acessiblidade está comprando o produto errado. Eles querem total conformidade com as WCAG, mas acabam com um conjunto de softwares e ferramentas que não os coloca no caminho mais longo para alcançar as certificações WCAG 2.1 ou WCAG 2.2 AA.","instrucional, informativo, crítico"
MEDIUM,4,How To Track ADA Website Compliance,Accessibility Tracker,https://medium.com/@adabook/how-to-track-ada-website-compliance-06f82be670ae?source=tag_archive------accessibility_tools---4-----------------------------------,"- esse artigo é basicamente um tutorial de como usar o Accessibility Tracker. - crítica às ferramentas de scan, dessa vez dizendo que detectam só 25% dos problemas — nos artigos anteriores esse número variava entre 13% e 25%,",3 min,"Cada problema de acessibilidade precisa de um acompanhamento de status claro. O accessibility Tracker fornece sete etiquetas de status para atualizar cada problema. Somente é possível usar com ""audit report"", uma vez que é um audit-based accessibility tracking platform","informativo, instrucional, crítico"
MEDIUM,5,9 Best Usablenet AQA Alternatives in 2025 [ Free & Paid],"SiteImprove, BrowserStack Accessibility Testing, AccessiBe, EqualWeb, Acquia Optimize, UserWay, Level Access AMP, AudioEye, DubBot",https://medium.com/@crissyjoshua/9-best-usablenet-aqa-alternatives-in-2025-free-paid-f368ea02057c?source=tag_archive------accessibility_tools---5-----------------------------------,- o artigo é escrito por uma profissional que testou as ferramentas na prática. - ela bate bastante na tecla de que widget e overlay não resolvem o problema de verdade. - ferramentas só automáticas passam uma falsa sensação de segurança. - a maioria das plataformas aqui é voltada pra times e organizações maiores ,11 min,"Independência do Desenvolvedor (Developer Independence): Priorizar ferramentas que deem autonomia para os desenvolvedores corrigirem os problemas imediatamente, sem precisar esperar relatórios externos de consultores.  -Suporte a Dispositivos Reais (Real Device Support): Escolher plataformas que permitam testar em hardwares e dispositivos reais (como Android, iOS e Web), em vez de apenas em emuladores, pois os problemas mudam em aparelhos físicos.  -Capacidade de Agentes de IA (AI Agent Capabilities): Buscar ferramentas que usem IA avançada para ir além de uma varredura simples, ajudando a analisar a causa raiz e sugerindo correções inteligentes.  -Velocidade e Precisão (Speed & Accuracy): Avaliar se a solução oferece a rapidez de um escaneamento automatizado sem abrir mão da profundidade necessária para a conformidade real. -Integração ao Fluxo de Trabalho (Workflow Integration): A ferramenta precisa se integrar de forma invisível aos ecossistemas já existentes (como Jira e GitHub), de modo que não interrompa a rotina da equipe.  ","crítico, informativo"
MEDIUM,6,Acquia Optimize vs BrowserStack: Which Accessibility Testing Tool to Choose in 2025?,"Acquia Optimize, BrowserStack Accessibility Testing",https://medium.com/@crissyjoshua/acquia-optimize-vs-browserstack-which-accessibility-testing-tool-to-choose-in-2025-dcf3cc0fec18?source=tag_archive------accessibility_tools---6-----------------------------------,"- o artigo é uma comparação direta entre duas ferramentas, então dá pra ver bem as diferenças. - os dois usam IA, mas de formas diferentes",4 min,"Acquia Optimize: auditorias regulares, integração com CMS, governança de compliance -BrowserStack: integração em CI/CD, testes automatizados, equipes de desenvolvimento. -BrowserStack oferece plano gratuito com scans ilimitados; Acquia Optimize só um Quick Scan limitado. -Para testar com leitores de tela reais (NVDA e VoiceOver): BrowserStack","instrucional, informativo"
MEDIUM,7,How to Track Accessibility Issues with Google Sheets (or Excel),"Google Sheets / Excel, Jira/ Asana, Accessibility Tracker",https://medium.com/@adabook/how-to-track-accessibility-issues-with-google-sheets-or-excel-f482265c1012?source=tag_archive------accessibility_tools---7-----------------------------------,"- foco total em organizar e acompanhar problemas, não em detectar. - planilha funciona bem no começo, mas limita rápido. - plataforma própria deles já é mais completa e automatizada. - bem voltado pra times, não tanto pra uso individual. - mostra evolução: planilha (ferramenta profissional)",4 min,"Planilha (Google Sheets/Excel): projetos simples com até 25 issues, solução gratuita e acessível. -Para projetos maiores com muitos issues: considerar plataforma dedicada como Jira, Asana ou Accessibility Tracker. -Accessibility Tracker: equipes que querem upload direto de auditoria, priorização automática por risco legal e ferramentas de IA integradas","crítico, informativo"
MEDIUM,8,Top 10 DYNO Mapper Alternatives for Accessibility Testing in 2025 [Free & Paid],"BrowserStack Accessibility Testing, TPGi ARC, Siteimprove, Tenon.ai (Level Access), Silktide, UserWay, AudioEye, Acquia Optimize, Accessibility Insights Microsoft, AccessiBe",https://medium.com/@crissyjoshua/top-10-dyno-mapper-alternatives-for-accessibility-testing-in-2025-free-paid-594b94c15192?source=tag_archive------accessibility_tools---8-----------------------------------,"- o artigo é basicamente uma comparação de ferramentas com o DYNO MAPPER com foco bem prático. - dá pra ver três perfis: ferramentas pra dev (mais técnicas), pra empresas (mais completas) e soluções rápidas tipo overlay.",8 min,"Ferramentas baseadas em testes reais (Real-World Testing): Devem testar em dispositivos e navegadores reais (não apenas simulações) para capturar os problemas reais que os usuários enfrentam. -Ferramentas focadas em automação (Built for Automation): Devem se integrar diretamente ao pipeline de CI/CD para automatizar os testes e integrá-los à rotina diária de desenvolvimento. -Ferramentas com relatórios práticos (Actionable Insights): Devem fornecer relatórios claros e amigáveis para desenvolvedores, apontando de forma exata o que e onde corrigir. -Ferramentas alinhadas a padrões modernos (Modern Standards Support): Devem estar sempre atualizadas com as últimas diretrizes WCAG e suportar experiências web dinâmicas e modernas.","crítico, informativo"
MEDIUM,9,Dubbot Alternatives: My Top 9 Recommendations for Accessibility Testing in 2025,"BrowserStack Accessibility Testing, EqualWeb, UserWay, Siteimprove, Silktide, AllAccessible, Level Access AMP, Acquia Optimize, AccessiBe",https://medium.com/@crissyjoshua/dubbot-alternatives-my-top-9-recommendations-for-accessibility-testing-in-2025-46a8353283eb?source=tag_archive------accessibility_tools---9-----------------------------------,"-o artigo segue a mesma linha do outro, bem comparativo e direto ao ponto. - erramentas mais robustas já entram com foco em empresa",6 min,"Automação (Automation): Buscar ferramentas que realizem testes de forma automática abrangendo múltiplas páginas do site.  -Adequação ao Fluxo de Trabalho (Workflow Fit): Escolher plataformas com integrações CI/CD para economizar horas de trabalho dentro de ciclos ágeis de desenvolvimento.  -Customização (Customisation): Avaliar se a solução permite ajustar regras de teste, exportar resultados e personalizar relatórios.  -Acesso Gratuito (Free Access): Priorizar ferramentas que ofereçam versões gratuitas ou testes antes de assumir um compromisso financeiro.  -Qualidade dos Relatórios (Reporting Quality): Buscar relatórios que sejam priorizados, customizáveis e prontos para exportação.  -Acessibilidade do Usuário (User Accessibility): A interface da ferramenta deve ser fácil de navegar, inclusive para partes interessadas que não sejam da área técnica.","crítico, informativo"
MEDIUM,10,My Healthy Obsession With Saving Time (+Accessibility Tracker),Accessibility Tracker,https://medium.com/@adabook/my-healthy-obsession-with-saving-time-accessibility-tracker-51eacbd05e74?source=tag_archive------accessibility_tools---11-----------------------------------,-o artigo é bem mais voltado pra venda da ferramenta do que explicação técnica,3 min,"Possuir um relatório de auditoria pronto: É necessário ter um relatório de auditoria de acessibilidade salvo estritamente no formato de planilha do Excel (.xlsx) focado em um site, aplicativo, software ou plataforma.","crítico, informativo"
MEDIUM,11,How to Create an Accessibility Statement,"Accessibility Statement, W3C Accessibility Statement Generator, Siteimprove, GOV.UK accessibility statement guidance, Accessibility Checker (Equalize Digital)",https://medium.com/design-domination/how-to-create-an-accessibility-statement-7f01d73a06d9?source=tag_archive------accessibility_tools---12-----------------------------------,"- o artigo é bem mais conceitual, focado em documentação e não em ferramentas em si. - ele mostra que a declaração de acessibilidade é mais sobre transparência do que perfeição técnica.",5 min,,"descritivo, informativo"
MEDIUM,12,Empowering All Users: The Accessibility Revolution in Tech,"Reusable Accessibility Components (Bottom-up approach), Centralised Translation Service, Extended Accessibility Features, Accessibility Inspector, User Testing + Multi-device Testing",https://medium.com/@divyapanwar421/empowering-all-users-the-accessibility-revolution-in-tech-6e0f64967a18?source=tag_archive------accessibility_tools---13-----------------------------------,-o artigo é bem mais voltado pra desenvolvimento na prática do que pra ferramentas específicas. -ele mostra bem a dificuldade de implementar acessibilidade depois que o sistema já está pronto,3 min,Usar desde o início do projeto; criar componentes reutilizáveis com protocolo base; centralizar serviço de tradução; estender funcionalidades nativas de acessibilidade; usar Accessibility Inspector para debugging; testar em múltiplos dispositivos; envolver usuários com deficiência nos testes.,"descritivo, informativo"
MEDIUM,13,Designing for Everyone: A UI/UX Guide to Accessible Experiences,"WAVE, AXE, WCAG 2.1, Lighthouse, Accessible Design Principles (POUR), Manual Testing + Assistive Technologies",https://medium.com/@Kamalramesh/designing-for-everyone-a-ui-ux-guide-to-accessible-experiences-8802d23c9940?source=tag_archive------accessibility_tools---15-----------------------------------,"-o artigo é bem introdutório, mais focado em design e conceito do que em ferramentas específicas.  - ele reforça bastante os princípios básicos de acessibilidade e os tipos de deficiência - traz ferramentas conhecidas como wave, axe e lighthouse, mas sem aprofundar muito nelas",4 min,"Aplicar os quatro princípios POUR como base do design; seguir as diretrizes WCAG 2.1; usar ferramentas automatizadas (WAVE, Axe, Lighthouse) para identificar problemas; complementar com testes manuais usando leitores de tela, navegação por teclado e tecnologias assistivas.","descritivo, informativo"
MEDIUM,14,Accessibility Evaluation for Programiz Pro— a Code Learning Platform,"PageSpeed Insights, Axe DevTools, Accessible Design Principles (POUR), Lighthouse, AccessiBe",https://medium.com/@shriistee/accessibility-evaluation-for-programiz-pro-a-code-learning-platform-c5464dd9498e?source=tag_archive------accessibility_tools---16-----------------------------------,"-o artigo é um estudo de caso avaliando uma plataforma real. - ele mostra  que só usar ferramentas automáticas não é suficiente, porque muitos problemas só aparecem na análise manual. -ele usa várias ferramentas diferentes combinadas, como accessiBe, axe DevTools, Lighthouse e PageSpeed Insights, pra chegar num resultado mais completo.",7 min,"Realizar auditoria automatizada com ferramentas como AccessiBe, Axe DevTools e Lighthouse; complementar com avaliação manual pelo framework POUR; adicionar textos alternativos em imagens; manter contraste de cores suficiente; garantir acesso por teclado; tornar todo conteúdo acessível a leitores de tela; incluir disclaimer sobre limitações de funcionalidades de IA.","descritivo, informativo"
MEDIUM,15,Accessibility tools for dummy devs,"Color Contrast Checker (Coolors), Axe for Designers (Figma Plugin), Contrast (Figma Plugin), Axe Lint, Lighthouse, Axe DevTools",https://medium.com/@vanessa.o.giannoni/accessibility-tools-for-dummy-devs-cf501cd1cd15?source=tag_archive------accessibility_tools---17-----------------------------------,"-o artigo é bem básico e direto, uma lista de ferramentas do dia a dia. -não entra em muita profundidade -foca bastante em problemas simples, tipo contraste e alt text.",3 min,Usar Axe DevTools no browser para escanear páginas; usar Lighthouse para avaliar performance e acessibilidade; usar Axe Lint no VS Code para detectar problemas durante a codificação; usar Contrast ou Axe for Designers no Figma para verificar contraste; usar Coolors para checar contraste de cores rapidamente.,"descritivo, informativo"
MEDIUM,16,Accessibility in Design: How to Make Your Designs More Accessible,"Accessible Design Principles (POUR), WebAIM Contrast Checker, WAVE, Axe DevTools, Lighthouse, User Testing",https://medium.com/code-like-a-girl/accessibility-in-design-how-to-make-your-designs-more-accessible-f172feb96709?source=tag_archive------accessibility_tools---18-----------------------------------,"-o artigo é bem focado em design e boas práticas, não entra muito em ferramentas. -reforça bastante o básico, tipo contraste, navegação por teclado e alt text.",4 min,,"informativo, instrucional"
MEDIUM,17,Accessibility Testing: Respecting the difference,"Accessible Design Principles (POUR), WAVE, Deque AXE Coconut, Pa11y, Lighthouse, Axe DevTools, Tenon.ai (Level Access)",https://medium.com/@ambahera/accessibility-testing-respecting-the-difference-b5759a5003d0?source=tag_archive------accessibility_tools---20-----------------------------------,"-o artigo mistura bastante conceito com ferramentas, mas o foco maior é conscientização. -ele reforça muito que acessibilidade não é só técnica, mas também ética e até legal.",5 min,,"informativo, instrucional"
MEDIUM,18,The Symbiosis of Accessibility Testing Tools and SEO,"WAVE, Siteimprove, NVDA, AccessiBe, Deque WorldSpace, Axe DevTools",https://medium.com/globant/the-symbiosis-of-accessibility-testing-tools-and-seo-83192a999610?source=tag_archive------accessibility_tools---21-----------------------------------,"-o artigo traz uma abordagem interessante ligando acessibilidade com SEO, não só com inclusão. -ele mostra que acessibilidade não é só questão ética ou legal, mas também estratégica pra ranqueamento.",6 min,Utilizar ferramentas de teste de acessibilidade para identificar e corrigir barreiras de acesso em websites. -Combinar acessibilidade e SEO para melhorar a experiência do usuário. -Realizar avaliações contínuas de conformidade com as WCAG. -Complementar testes automatizados com testes manuais de acessibilidade. -Incorporar ferramentas de acessibilidade durante o desenvolvimento e manutenção de produtos digitais.,"descritivo, informativo"
MEDIUM,19,"Accessibility, creating a step-free route","WAVE, Axe DevTools, Accessible Design Practices, Accessibility Insights Microsoft, Lighthouse",https://medium.com/mojo-mortgages/accessibility-creating-a-step-free-route-55b4c218a0cd?source=tag_archive------accessibility_tools---24-----------------------------------,"-o artigo usa bastante analogia pra explicar acessibilidade, tipo a ideia de “escadas” digitais.  -ele foca muito mais em boas práticas de desenvolvimento do que em ferramentas.",7 min,-Seguir as diretrizes WCAG AA. -Adicionar descrições em imagens e vídeos. -Utilizar legendas em vídeos e áudios. -Utilizar nomes acessíveis claros e objetivos. -Garantir contraste adequado entre cores. -Utilizar HTML semântico. -Garantir navegação por teclado. -Testar compatibilidade com leitores de tela e zoom de até 400%.,"descritivo, informativo"
MEDIUM,20,axe DevTools Pro,Axe DevTools Pro,https://medium.com/@ayusharma24/axe-devtools-pro-11902f1af166?source=tag_archive------accessibility_tools---25-----------------------------------,-o artigo é bem curto e mais voltado pra divulgação da ferramenta.,1 min,"Utilização dos Testes Guiados Inteligentes (IGT): Recomenda-se que os desenvolvedores e analistas de QA não utilizem apenas a varredura automática padrão do motor básico (que pega 57%), ativando de forma obrigatória os recursos de testes guiados inteligentes (IGT) para expandir a detecção de problemas para até 84% na página.","descritivo, informativo"
MEDIUM,21,Embracing Accessibility in UX Design: Beyond Compliance to Inclusion,"A11Y Project Checklist, U.S. Web Design System, GOV.UK Design System, W3C Web Accessibility Initiative (WAI) Resources, Web Content Accessibility Guidelines (WCAG), A11Y Color Contrast Checker, PageSpeed Insights, WebAIM Contrast Checker, WAVE, Contrast (Figma Plugin), Coolors, Stark , Axe Accessibility Checker, Accessible Design Practices, Dopely colors, Stark Plugin, MDN Web Docs Accessibility, HTML5 Accessibility, WebAIM’s CSS Resources",https://medium.com/design-bootcamp/embracing-accessibility-in-ux-design-beyond-compliance-to-inclusion-d60a5bb2b091?source=tag_archive------accessibility_tools---27-----------------------------------,"-o artigo é bem completo e mais estratégico do que técnico. -ele não foca só em desenvolvimento, mas também em negócio e impacto de acessibilidade (achei meio vago nessa parte). - traz vários mitos interessantes, principalmente a ideia de que acessibilidade limita criatividade.",13 min,"Recomenda-se que a equipe técnica utilize ativamente a base de ferramentas de teste da Web listadas no final do guia (como o WAVE e recursos da WebAIM) juntamente com os manuais práticos da W3C para certificar e auditar a conformidade de acessibilidade do produto. Ele fala de algumas práticas na seção ""Accessibility Guidelines for Developers"", como: usar tags semânticas em HTML, usar descriptive labels e também otimização com next-gen images. Não tenho certeza se entra no escopo, mas são boas práticas que eu consideraria extrair. ","descritivo, informativo, instrucional"
MEDIUM,22,Crafting Digital Inclusivity: A Journey into WCAG Standards,"Web Content Accessibility Guidelines (WCAG), Lighthouse, Color Contrast Analyzer, WebAIM Contrast Checker",https://medium.com/@shahriarshanto2102/crafting-digital-inclusivity-a-journey-into-wcag-standards-5d1962122ff0?source=tag_archive------accessibility_tools---29-----------------------------------,"-o artigo é bem focado em explicar WCAG de forma detalhada, quase como um guia completo. -ele traz vários exemplos práticos de como aplicar as diretrizes, o que ajuda bastante no entendimento. -não tem foco em ferramentas, elas aparecem só como apoio.",12 min,"Adoção de Ferramentas Essenciais de Contraste e Auditoria: Recomenda-se que designers e programadores não tratem as diretrizes como regras opcionais, mas sim utilizem ativamente o Color Contrast Analyzer, o WebAIM Contrast Checker e o Lighthouse para mapear a legibilidade e o desempenho acessível desde o início do projeto.","descritivo, informativo"
MEDIUM,23,Combining axe-core and PA11Y,"axe-core, Pa11y, HTML CodeSniffer (HTMLCS)",https://medium.com/@abbott567/combining-axe-core-and-pa11y-fa4fe64e9676?source=tag_archive------accessibility_tools---31-----------------------------------,"-o artigo é bem técnico e focado em implementação prática.  -a solução proposta é usar tudo junto, o que aumenta bastante a cobertura.",3 min,"Recomenda-se não escolher apenas uma ferramenta, mas sim configurar um script único em Node.js para rodar simultaneamente o Axe-core e o Pa11y (com seu motor HTMLCS), pois ambos encontram falhas diferentes, garantindo maior cobertura sem desacelerar o projeto.","descritivo, informativo"
MEDIUM,24,12 Google extensions that every developer needs,"WAVE, Lighthouse, Axe DevTools",https://medium.com/@shirleyberchel/12-google-extensions-that-every-developer-needs-efec557875a4,"-o artigo não é focado em acessibilidade, é mais geral sobre extensões. -só algumas ferramentas realmente entram no contexto de acessibilidade.",4 min,"Recomenda-se utilizar o WAVE para obter diagnósticos visuais rápidos na interface, enquanto o Lighthouse e o Axe DevTools devem ser executados de forma complementar no fluxo técnico dos desenvolvedores para gerar pontuações numéricas e capturar erros ocultos de código (como links sem texto perceptível) antes da publicação do projeto.","descritivo, informativo, instrucional"
MEDIUM,25,Empowering Inclusivity: Enhancing Accessibility on a WordPress Website,"WordPress Accessibility Improvements, Keyboard Accessibility, Accessible Media Implementation, Yoast SEO, Google Text-to-Speech Extension",https://medium.com/@accanouman/empowering-inclusivity-enhancing-accessibility-on-a-wordpress-website-5c3c07e8b96f?source=tag_archive------accessibility_tools---33-----------------------------------,"-o artigo é um estudo de caso simples focado em WordPress.  -ele mostra problemas bem básicos que ainda aparecem muito,",3 min,"Recomenda-se não confiar em títulos gerados de forma automática para mídias, revisando manualmente descrições e aplicando atributos de código estruturais (como roles e labels) em elementos móveis ou dinâmicos do site para que respondam adequadamente a teclados e leitores de tela.","descritivo, informativo, instrucional"
MEDIUM,26,Enhancing User Experience with Stark Accessibility Tools,Stark Plugin,https://medium.com/nonstopio/enhancing-user-experience-with-stark-accessibility-tools-ec451e777a3f?source=tag_archive------accessibility_tools---34-----------------------------------,"-o artigo é bem focado na ferramenta Stark e no uso dela no design. - o diferencial principal é a simulação de deficiência, que ajuda a entender melhor o usuário.",3 min,"Identificação precoce na fase de design: A ferramenta deve ser recomendada para equipas que pretendem detetar e corrigir falhas de acessibilidade diretamente nos esboços (mockups) e protótipos, antes que o produto siga para a fase de codificação e desenvolvimento","descritivo, informativo"
MEDIUM,27,Designing for inclusion,"Accessible Design Principles (POUR), Web Content Accessibility Guidelines (WCAG)",https://medium.com/design-bootcamp/designing-for-inclusion-ae3fb3dd15c6?source=tag_archive------accessibility_tools---35-----------------------------------,-o artigo é bem conceitual e voltado pra design inclusivo.,7 min,"Planejamento inclusivo desde a origem: Recomenda-se integrar as diretrizes de acessibilidade e os testes de contraste/espaçamento desde o início do desenvolvimento do design, em vez de aplicar correções rápidas tardias","descritivo, informativo, instrucional"
MEDIUM,28,"POUR…Yes, that's what I want to talk about next!",Accessible Design Principles (POUR),https://medium.com/@sakshikohli.asm/pour-yes-thats-what-i-want-to-talk-about-next-1b7bb66edc31?source=tag_archive------accessibility_tools---37-----------------------------------,"-artigo é bem curto e direto ao ponto, focado só nos princípios POUR",1 min,"Satisfação dos critérios de sucesso POUR: Recomenda-se estruturar e testar qualquer informação ou componente de interface garantindo de forma obrigatória que eles sejam simultaneamente Percebíveis, Operáveis, Compreensíveis e Robustos para todos os usuários.","descritivo, informativo"
MEDIUM,29,Accessibility Quick Start Guide,"KeyboardTester, VoiceOver, ChromeVox, WAVE, NVDA, GNOME Orca,  Web Content Accessibility Guidelines (WCAG), Deque, Deque Keyboard Guided Tests",https://medium.com/design-bootcamp/accessibility-quick-start-guide-7afa6d12ed21?source=tag_archive------accessibility_tools---39-----------------------------------,"-o artigo é bem introdutório, mas traz várias ferramentas úteis espalhadas no texto. -ele mistura ferramentas automáticas com tecnologias assistivas, pro mapeamento.",5 min,"Abordagem de testes combinados e contínuos: Recomenda-se não depender de apenas uma ferramenta automatizada, mas sim combinar a execução do Axe-core com o PA11Y para capturar diferentes falhas de código de forma leve, integrando a validação das diretrizes WCAG desde o início do fluxo de trabalho técnico e de design.",informativo
MEDIUM,30,Accessibility Basics — The internet is for everyone part 3,"ARIA-labels, Web Accessibility Checklist, Access Guide, W3C Quick Ref:, WebAIM’s WCAG 2 Checklist:, HTML Semântico / Estados de Foco / Rótulos (Labels), a11yTools, WCAG 2.1, The A11y Project, Stark Plugin, AXE",https://medium.com/@Meondi/accessibility-basics-the-internet-is-for-everyone-part-3-a096d27f7faa?source=tag_archive------accessibility_tools---40-----------------------------------,"-o artigo é prático e direto, focado no lado técnico da acessibilidade com exemplos de código reais. -gostei da parte dos alt-tags, o exemplo visual da imagem preta é bem impactante e fácil de entender. -a parte de ARIA achei um pouco superficial, dá vontade de ver exemplos mais complexos além do botão de fechar. -a dica de automatizar acessibilidade no pipeline é boa, mas ficou vaga, não citou nenhuma ferramenta específica pra isso.",6 min,"-Navegação: Nunca utilize outline: none; projete estados de foco que sejam visíveis e chamativos - Formulários: Utilize sempre a etiqueta <label> para identificar campos de entrada para leitores de tela -Estrutura: Priorize o HTML semântico (tags como <nav>, <header>, <section>) e mantenha uma hierarquia lógica de títulos de h1 a h6 -Imagens: Crie textos alternativos (alt-tags) curtos e específicos, sem usar frases redundantes como ""imagem de..."" -Componentes: Use ARIA-labels apenas quando necessário e não inclua o tipo do elemento (ex: ""botão"") no rótulo -Processo: Automatize os testes de acessibilidade integrando-os diretamente às pipelines de desenvolvimento -Auditoria: Utilize ferramentas como axeDevTools, Stark e guias WCAG para validar a conformidade -Qualidade: Siga rigorosamente os padrões de código, o que garante maior desempenho e limpeza no produto final","descritivo, instrucional"
MEDIUM,31,Paying For Automated Website Accessibility Scans Doesn’t Make Sense,"WAVE, Axe-core, Lighthouse, Monsido, SiteImprove, Silktide, CrownPeak, Auditorias e Remediação Manual (Metodologia)",https://medium.com/@adabook/paying-for-automated-website-accessibility-scans-doesnt-make-sense-f824098c7163?source=tag_archive------accessibility_tools---41-----------------------------------,"-o artigo é curto e direto, defende que pagar por scans automáticos de acessibilidade não faz sentido pois ferramentas gratuitas já fazem o mesmo. -o argumento de que scans detectam apenas 20-25% dos problemas do WCAG 2.1 é o ponto mais forte, deixa claro que automação sozinha é insuficiente. -achei válida a distinção entre o que vale pagar (auditoria manual, testes com usuários reais) e o que não vale (scan automatizado). -o único caso em que o autor admite valor no scan pago é para páginas com autenticação, o que é bem específico e faz sentido.",3 min,"Utilizar ferramentas gratuitas para varreduras de páginas individuais e focar o investimento financeiro em auditorias manuais, remediação, testes com usuários e treinamento. O foco deve ser corrigir uma página ou template por vez","crítico, informativo"
MEDIUM,32,Web Accessibility,"Axe DevTools, JAWS Screen Reader, Web Content Accessibility Guidelines (WCAG), HTML Semântico / Estados de Foco / Rótulos (Labels)",https://medium.com/towardsdev/web-accessibility-642efb997901?source=tag_archive------accessibility_tools---42-----------------------------------,"-o artigo é bem introdutório, cobre o básico de acessibilidade web de forma simples e acessível para quem está começando. -a arte de boas práticas com HTML semântico e ARIA é útil, mas muito superficial, senti falta de exemplos mais elaborados. -o ""Bonus Tip"" sobre contraste de cores usando o próprio DevTools do Chrome é bem prático e algo que dá pra aplicar imediatamente.",4 min,"-Elementos Semânticos: Usar elementos HTML semânticos (como <header>, <footer>, <nav>) em vez de apenas <div> para facilitar a leitura por leitores de tela -Texto Alternativo: Sempre fornecer alt text para imagens -Contraste de Cores: Garantir contraste suficiente entre primeiro plano e fundo (níveis AA ou AAA) para usuários com daltonismo -Uso de Botões: Utilizar a tag <button> para funcionalidades de clique; se usar outros elementos, adicionar role=""button"" e tabindex=""0"" -Atributos ARIA: Incluir atributos ARIA para fornecer mais descrições aos elementos (ex: role=""progressbar"")",descritivo
MEDIUM,33,The best accessibility chrome extensions,"Web Developer by Chris, Grammarly, Clipboard History Pro, Accessible Color Picker by Level Access, WAVE, Axe DevTools",https://medium.com/@giovanicamara/the-best-accessibility-chrome-extensions-b36f3271f269?source=tag_archive------accessibility_tools---46-----------------------------------,"-o artigo é bem direto e prático, funciona mais como uma lista de recomendações pessoais do que um guia técnico aprofundado. -a conclusão de que ferramentas não substituem humanos é um ponto importante, mas ficou jogado no final sem muito desenvolvimento.",3 min,"Acessibilidade é um processo detalhado; nunca confie apenas em ferramentas, pois elas não substituem a análise humana e o teste manual contínuo",descritivo
MEDIUM,34,Testing web accessibility: Reflow efficiently,"Accessibility Insights Microsoft, Web Developer by Chris",https://medium.com/@markwiemer/testing-web-accessibility-reflow-efficiently-a506924c71f0?source=tag_archive------accessibility_tools---47-----------------------------------,"-o artigo é bem nichado, foca especificamente no critério 1.4.10 do WCAG (Reflow) e como testá-lo de forma eficiente usando o DevTools do navegador. -a solução proposta de criar um preset de resolução customizado no browser para simular 320x256 é simples e inteligente, evita ter que ficar reconfigurando o monitor toda hora. -é um artigo mais útil para quem já tem alguma base em testes de acessibilidade, quem está começando provavelmente vai se perder sem contexto sobre o que é Reflow. -curto e objetivo, cumpre bem o que promete, sem enrolação.",4 min,"Seguir as avaliações do Accessibility Insights for Web; testar o ""Reflow"" (refluxo) para garantir acessibilidade em viewports de 320x256 pixels CSS; evitar o redimensionamento manual da resolução do monitor para não prejudicar o fluxo de trabalho","descritivo, instrucional"
MEDIUM,35,Accessibility tools and tips for Designers,"""Color contrast checker, analyzer and color suggestions"", Color Blind (Plugin), Cluse (Plugin), Able (Plugin), BDA Style Guide (British Dyslexia Association), Who can use, Toptal Color Blind Filter, Color Oracle, Contrast for UI, Randoma11y, Color Tool (Material Design), Hex Naw, Colour Contrast Analyser (CCA) - Vispero, Deque Color Contrast Analyzer, Contraste, Contrast Grid, Tanaguru Contrast-Finder, Contrast Checker , Colorable, Cloudflare Design Color tool, ACG (Accessible Color Generator), DVCP (Data Viz Color Picker), ColorSafe, Accessible color palette builder, WebAIM Contrast Checker, Stark Plugin, Accessible Brand Colors, Colors that look and work great for everyone, Colors - A nicer color palette for the web, Web Developer Toolbar por Chris Pederick",https://medium.com/leniolabs/accessibility-tools-and-tips-for-designers-b13ba4bc5422?source=tag_archive------accessibility_tools---50-----------------------------------,"-o artigo é bem completo e serve como um guia de referência de ferramentas, cobre contraste, daltonismo, dislexia e plugins para Figma/Sketch/XD. -a parte sobre dislexia foi uma surpresa positiva, não é comum ver esse tema abordado em artigos de acessibilidade web e as dicas da British Dyslexia Association são bem práticas.",12 min,"A acessibilidade precisa começar na fase de projeto para garantir que estamos entregando produtos que possam ser usados ​​pelo maior número possível de pessoas. Não se trata apenas de conformidade, mas também de uma obrigação ética. [...] A cor é um dos principais tópicos quando falamos de acessibilidade e design. [...] O texto deve ser legível independentemente da cor de fundo, e outros elementos-chave, como botões e links, também devem se diferenciar claramente. Adicione a isso uma hierarquia de texto bem definida e uma boa quantidade de espaço em branco, [...] existem cerca de 300 milhões de pessoas com daltonismo, um número considerável a ser considerado durante o processo de design! [...] Por exemplo, em mensagens de erro, não se baseie apenas na cor vermelha; inclua um ícone ao lado e certifique-se de ser o mais descritivo possível. Ao dar instruções, não se refira apenas à cor. Em visualizações de dados, como gráficos de barras, certifique-se de que os usuários possam identificá-las com outra pista visual além da cor, como um padrão. ","descritivo, crítico"
MEDIUM,36,Three methods to make content accessible,"Accessible Design Principles (POUR), Instant Eyedropper, WebAIM Contrast Checker, Temi, Word , Box",https://medium.com/design-bootcamp/3-methods-to-make-content-accessible-5adcfe503fee?source=tag_archive------accessibility_tools---51-----------------------------------,"-o artigo é bem curto e superficial, cobre apenas três métodos básicos: contraste, alt text e legendas em vídeo.-a  dica de legendas com o fluxo via Google Drive foi a parte mais prática e menos óbvia, não é algo que se vê explicado com frequência.",2 min,"A responsabilidade de garantir que o conteúdo seja acessível recai sobre você. Aumente o contraste. Adicione texto alternativo às imagens. Adicionar legendas ocultas aos vídeos, para algumas pessoas, os vídeos precisam de legendas. (revise a transcrição para garantir a precisão.)","descritivo, instrucional"
MEDIUM,37,The accessibility tree: understanding and debugging,Árvore de acessibilidade,https://medium.com/@sbeaumontweb/the-accessibility-tree-understanding-and-debugging-fab9df75a1d0?source=tag_archive------accessibility_tools---52-----------------------------------,"-o artigo explica o que é a accessibility tree e como usá-la para debugar problemas que ferramentas automáticas não conseguem detectar. -a frase ""a estrutura semântica do HTML É a experiência do usuário para tecnologia assistiva"" resume muito bem o ponto central",6 min,Pensar na semântica e na estrutura desde o início do processo de design nos ajuda a priorizar a acessibilidade desde o princípio e a evitar que a experiência acessível se torne uma mera correção posterior.,instrucional
MEDIUM,38,Accessibility Tools and GAAD,"web Wix, JAWS Screen Reader, Dolphin screen reader, NVDA, ChromeVox, Orca, VoiceOver, Narrator, TalkBack",https://medium.com/@balayogig/accessibility-tools-and-gaad-3b7897c1c850?source=tag_archive------accessibility_tools---53-----------------------------------,"-o artigo é bem introdutório e genérico, serve mais como uma visão geral do tema do que como algo que agrega para quem já tem alguma base. -o gráfico mostrando que 98,1% das páginas têm ao menos uma falha WCAG 2.0 é o dado mais impactante do artigo. -a tabela de tipos de deficiência dividida em permanente, temporária e situacional é um recurso visual interessante que ajuda a ampliar a visão de quem são os usuários afetados.",3 min,Projetando páginas da web com recursos de acessibilidade: Funcionalidade completa do teclado; Ordem DOM automática; Definição de idioma do site; Semântica correta; Anel de foco inteligente; Atributos Aria; Tags de cabeçalho; Texto alternativo; Ir para o conteúdo.,instrucional
MEDIUM,39,Improve your application accessibility with these amazing tools and tips,"NVDA, Axe DevTools, MDN Docs, Lighthouse, A11y (Accessibility) - Guideline",https://medium.com/@williamstakayama/improve-your-application-accessibility-with-these-amazing-tools-and-tips-3a137d5927f6?source=tag_archive------accessibility_tools---54-----------------------------------,"-o artigo é bem curto e raso, cobre ferramentas já mencionadas em outros artigos como axe DevTools e NVDA. -o artigo é bem curto e raso, cobre ferramentas já mencionadas em outros artigos como axe DevTools e NVDA",2 min,"Em vez de usar atributos aria, você deve tentar seguir a semântica do HTML. Todas as imagens de tags devem conter uma propriedade alt para descrevê-las. Ao escolher as cores, leve em consideração o contraste entre elas. Ao usar campos de entrada, lembre-se de adicionar um rótulo com as informações apropriadas. Tente respeitar a sequência das tags de cabeçalho (h1>h2>h3>h4>h5>h6) e use h1 apenas uma vez por página.","descritivo, instrucional, crítico"
MEDIUM,40,Leveraging Accessibility design in iOS development.,Práticas de design de aplicativos IOS acessíveis (Metodologia),https://medium.com/@dieubangmach/leveraging-accessibility-design-in-ios-development-4add93dac36e?source=tag_archive------accessibility_tools---55-----------------------------------,"-o artigo se diferencia dos outros por focar em acessibilidade no desenvolvimento iOS especificamente, cobrindo UIStackViews, Dynamic Text e Accessibility Labels com exemplos práticos no Xcode.",8 min,"Com conhecimento em padrões de design e um pouco de empatia por parte dos desenvolvedores, podemos continuar aprimorando nossos aplicativos para oferecer o melhor conteúdo possível a todos os tipos de pessoas em nossa comunidade.",instrucional
MEDIUM,41,What Are Some of the Best Web Accessibility Testing Tools to Evaluate Your Website With?,"WAVE, Lighthouse, Axe DevTools, SiteImprove, Tenon.ai (Level Access)",https://medium.com/@OPTASY.com/what-are-some-of-the-best-web-accessibility-testing-tools-to-evaluate-your-website-with-69def25a386?source=tag_archive------accessibility_tools---56-----------------------------------,"-o artigo além de citar cada extensão explica o que a diferencia e por que usá-la. - o aviso de que todas essas ferramentas detectam apenas cerca de 30% dos problemas é honesto e importante, reforça que automação é ponto de partida, não solução completa.",7 min,Lembre-se de que as 5 melhores ferramentas de teste de acessibilidade web a seguir detectam cerca de 30% dos problemas. Elas são um ótimo ponto de partida para uma auditoria mais complexa e uma estratégia de monitoramento abrangente que você deve implementar.,"instrucional, crítico"
MEDIUM,42,Making the Web More Accessible Using Machine Learning,"JAWS Screen Reader, IBM Content Clarifier, Tenon.ai (Level Access)",https://medium.com/myplanet-musings/making-the-web-more-accessible-using-machine-learning-8a32eaafdb3a?source=tag_archive------accessibility_tools---57-----------------------------------,"-o artigo explora como ML pode ajudar na acessibilidade web com casos como geração automática de alt text, simplificação de conteúdo e detecção de contraste via visão computacional.",19 min,"Atualmente, os humanos são necessários para esse tipo de análise, mas nos próximos anos, à medida que o reconhecimento de imagens melhorar e a sumarização abstrata de textos se tornar mais confiável, é fácil imaginar como isso mudará.",informativo
MEDIUM,43,Web acessibilidade — ferramentas,"Práticas para melhorar a acessibilidade, Contrast Ratio, Color Tool (Material Design), Colorblind Web Page Filter , Coblis - Color Blindness Simulator, Color Oracle, JAWS Screen Reader, Chrome Vox, NVDA, Projeto DOSVOX",https://medium.com/@will.matos/web-acessibilidade-ferramentas-a94c13a4d93c?source=tag_archive------accessibility_tools---58-----------------------------------,"-o artigo é introdutório e bastante superficial, cobre os conceitos sem aprofundar em nenhum deles  -serve mais como checklist inicial do que referência técnica.
-a tabela de ARIA roles mapeando tags HTML5 foi a parte mais útil e direta, boa para consulta rápida no dia a dia.",9 min,"Sempre que possível, encontre pessoas com deficiências, ou dificuldades para testar a acessibilidade do seu sistema. Isso ajuda a entender como os usuários realmente se comportam diante do sistema.","instrucional, informativo"